,Edad,Genero,Vivienda,Ecivil,Ubicacion,Salario,Hijos,Catalogos,Monto,Historial
0,Adulta,Masculino,Propia,Casado,Lejos,80700,0,18,3034.0,Alto
1,Joven,Masculino,Alquilada,Casado,Cerca,43700,1,12,927.0,Medio
2,Joven,Femenino,Alquilada,Casado,Cerca,41700,1,6,521.0,Bajo
3,Media,Masculino,Propia,Soltero,Cerca,62800,3,6,707.0,Medio
4,Joven,Masculino,Alquilada,Soltero,Cerca,21700,1,18,774.0,Bajo
5,Media,Femenino,Alquilada,Casado,Cerca,87700,3,24,2446.0,Alto
6,Adulta,Femenino,Propia,Casado,Cerca,41600,0,18,982.0,Alto
7,Media,Femenino,Propia,Casado,Lejos,96800,3,24,3082.0,Alto
8,Media,Masculino,Alquilada,Casado,Cerca,76200,1,24,2437.0,Alto
9,Media,Masculino,Propia,Casado,Cerca,77700,0,6,983.0,Alto
10,Joven,Masculino,Propia,Casado,Cerca,58900,0,18,1215.0,Medio
11,Media,Femenino,Propia,Casado,Cerca,105300,1,24,3360.0,Alto
12,Joven,Femenino,Propia,Casado,Lejos,33700,0,6,614.0,Bajo
13,Joven,Femenino,Propia,Soltero,Cerca,25900,2,12,449.0,Bajo
14,Media,Masculino,Propia,Casado,Lejos,72500,0,24,2595.0,Alto
15,Joven,Femenino,Alquilada,Soltero,Lejos,13200,0,24,358.0,Bajo
16,Joven,Femenino,Alquilada,Soltero,Cerca,15600,0,12,468.0,Bajo
17,Media,Masculino,Propia,Soltero,Lejos,71500,0,6,964.0,Medio
18,Joven,Masculino,Alquilada,Soltero,Cerca,14400,0,24,615.0,Bajo
19,Media,Masculino,Propia,Soltero,Cerca,57600,1,6,1006.0,Medio
20,Media,Masculino,Alquilada,Casado,Lejos,48800,2,12,1647.0,Alto
21,Adulta,Femenino,Propia,Soltero,Cerca,11400,0,6,258.0,Bajo
22,Media,Masculino,Propia,Casado,Cerca,127000,0,12,1821.0,Alto
23,Media,Masculino,Alquilada,Soltero,Cerca,39000,0,6,643.0,Medio
24,Joven,Femenino,Alquilada,Soltero,Cerca,16300,1,12,470.0,Bajo
25,Joven,Femenino,Alquilada,Soltero,Lejos,21700,3,24,708.0,Bajo
26,Media,Femenino,Alquilada,Soltero,Cerca,42200,0,18,1753.0,Bajo
27,Adulta,Femenino,Propia,Casado,Lejos,91800,0,24,2452.0,Alto
28,Media,Masculino,Propia,Casado,Cerca,79600,2,6,1575.0,Alto
29,Joven,Masculino,Alquilada,Soltero,Cerca,25800,0,6,451.0,Bajo
30,Media,Masculino,Propia,Casado,Cerca,105300,1,18,3505.0,Alto
31,Joven,Masculino,Alquilada,Soltero,Cerca,14800,3,12,436.0,Bajo
32,Joven,Masculino,Alquilada,Soltero,Cerca,10400,0,18,189.0,Bajo
33,Joven,Femenino,Alquilada,Soltero,Lejos,16100,0,6,202.0,Bajo
34,Media,Masculino,Propia,Casado,Cerca,63300,2,6,633.0,Alto
35,Media,Femenino,Propia,Casado,Cerca,93400,2,24,3079.0,Alto
36,Joven,Femenino,Propia,Soltero,Lejos,21400,3,6,326.0,Bajo
37,Joven,Masculino,Alquilada,Soltero,Cerca,17400,0,12,332.0,Bajo
38,Joven,Femenino,Alquilada,Soltero,Lejos,11400,3,12,312.0,Bajo
39,Joven,Masculino,Alquilada,Casado,Cerca,34300,3,12,1297.0,Medio
40,Joven,Masculino,Alquilada,Soltero,Cerca,17000,0,18,581.0,Bajo
41,Media,Masculino,Propia,Soltero,Cerca,52900,1,24,2316.0,Medio
42,Joven,Femenino,Alquilada,Soltero,Cerca,14300,1,18,458.0,Bajo
43,Media,Femenino,Propia,Casado,Cerca,88200,0,24,2749.0,Alto
44,Joven,Femenino,Alquilada,Casado,Lejos,51900,0,6,780.0,Bajo
45,Joven,Femenino,Alquilada,Casado,Cerca,60100,0,18,1594.0,Bajo
46,Media,Femenino,Propia,Casado,Cerca,84800,1,12,1826.0,Alto
47,Joven,Femenino,Alquilada,Casado,Cerca,61700,0,12,1161.0,Bajo
48,Media,Femenino,Propia,Casado,Cerca,123600,1,12,1892.0,Alto
49,Media,Femenino,Propia,Soltero,Cerca,48700,1,12,1457.0,Bajo
50,Joven,Femenino,Alquilada,Casado,Cerca,40000,0,6,613.0,Bajo
51,Media,Femenino,Alquilada,Casado,Cerca,118300,1,18,2681.0,Alto
52,Adulta,Femenino,Propia,Soltero,Cerca,64600,0,6,1298.0,Bajo
53,Media,Masculino,Propia,Casado,Lejos,113800,0,12,3273.0,Alto
54,Joven,Femenino,Alquilada,Soltero,Cerca,26700,1,12,459.0,Bajo
55,Media,Masculino,Propia,Soltero,Lejos,68700,1,24,1699.0,Medio
56,Media,Femenino,Propia,Casado,Lejos,101700,1,24,2551.0,Alto
57,Joven,Femenino,Alquilada,Casado,Cerca,42300,0,6,856.0,Bajo
58,Adulta,Masculino,Propia,Soltero,Cerca,62200,0,12,1583.0,Medio
59,Joven,Femenino,Alquilada,Soltero,Cerca,11400,2,6,186.0,Bajo
60,Adulta,Femenino,Alquilada,Casado,Cerca,97000,0,24,2599.0,Alto
61,Joven,Femenino,Propia,Soltero,Lejos,29600,3,12,774.0,Bajo
62,Media,Masculino,Alquilada,Casado,Lejos,64000,1,6,1552.0,Alto
63,Joven,Femenino,Propia,Casado,Lejos,70900,0,6,690.0,Bajo
64,Joven,Femenino,Alquilada,Soltero,Cerca,23200,3,24,770.0,Bajo
65,Joven,Masculino,Alquilada,Soltero,Lejos,13900,0,24,570.0,Bajo
66,Adulta,Masculino,Alquilada,Casado,Lejos,66300,0,18,2243.0,Alto
67,Joven,Masculino,Alquilada,Soltero,Cerca,26100,1,6,494.0,Bajo
68,Media,Masculino,Alquilada,Soltero,Cerca,43200,0,24,917.0,Medio
69,Media,Femenino,Alquilada,Casado,Cerca,114100,1,24,1976.0,Alto
70,Media,Masculino,Propia,Casado,Cerca,97200,0,12,1634.0,Alto
71,Media,Masculino,Propia,Casado,Cerca,76100,0,6,719.0,Alto
72,Joven,Masculino,Alquilada,Soltero,Cerca,14200,1,24,400.0,Bajo
73,Joven,Femenino,Alquilada,Casado,Lejos,32700,1,18,1276.0,Bajo
74,Adulta,Femenino,Propia,Soltero,Cerca,43300,0,12,1584.0,Bajo
75,Joven,Masculino,Alquilada,Soltero,Lejos,19000,0,12,428.0,Bajo
76,Media,Femenino,Propia,Casado,Cerca,68200,1,6,818.0,Alto
77,Joven,Masculino,Propia,Soltero,Lejos,39600,0,12,1085.0,Bajo
78,Joven,Masculino,Alquilada,Casado,Lejos,67300,3,6,1212.0,Medio
79,Media,Masculino,Propia,Soltero,Cerca,59700,1,18,1422.0,Medio
80,Media,Femenino,Alquilada,Soltero,Cerca,34700,0,18,1615.0,Bajo
81,Media,Masculino,Propia,Soltero,Cerca,50600,3,6,713.0,Medio
82,Media,Masculino,Propia,Casado,Cerca,118600,1,12,1553.0,Alto
83,Media,Femenino,Propia,Casado,Cerca,130700,3,6,2070.0,Alto
84,Joven,Femenino,Alquilada,Soltero,Lejos,25600,2,18,426.0,Bajo
85,Media,Masculino,Alquilada,Casado,Cerca,63500,2,24,2321.0,Alto
86,Media,Masculino,Propia,Soltero,Cerca,55900,1,24,2555.0,Medio
87,Media,Masculino,Propia,Soltero,Lejos,53900,0,12,1186.0,Medio
88,Media,Masculino,Alquilada,Soltero,Lejos,55800,1,6,821.0,Medio
89,Media,Femenino,Alquilada,Soltero,Cerca,40200,1,12,881.0,Bajo
90,Joven,Masculino,Alquilada,Casado,Lejos,41500,3,24,1314.0,Medio
91,Joven,Masculino,Alquilada,Soltero,Cerca,20900,0,6,296.0,Bajo
92,Media,Femenino,Propia,Casado,Cerca,48900,3,18,915.0,Alto
93,Media,Masculino,Propia,Soltero,Cerca,60300,0,24,2091.0,Medio
94,Joven,Femenino,Alquilada,Soltero,Cerca,27000,1,24,1012.0,Bajo
95,Joven,Masculino,Alquilada,Soltero,Cerca,10200,2,12,333.0,Bajo
96,Media,Femenino,Propia,Soltero,Cerca,53300,3,6,508.0,Bajo
97,Media,Masculino,Propia,Casado,Cerca,70200,0,6,1583.0,Alto
98,Media,Masculino,Propia,Casado,Lejos,86100,1,12,1255.0,Alto
99,Joven,Femenino,Alquilada,Soltero,Cerca,10200,3,6,199.0,Bajo
100,Media,Masculino,Propia,Casado,Cerca,96300,2,18,3916.0,Alto
101,Media,Femenino,Alquilada,Soltero,Cerca,53700,2,12,1194.0,Bajo
102,Media,Masculino,Alquilada,Casado,Cerca,108300,2,12,2224.0,Alto
103,Joven,Masculino,Alquilada,Casado,Cerca,36600,0,6,587.0,Medio
104,Joven,Femenino,Propia,Soltero,Cerca,33400,1,6,617.0,Bajo
105,Media,Masculino,Propia,Casado,Lejos,70000,1,6,1227.0,Alto
106,Joven,Femenino,Alquilada,Soltero,Cerca,13300,1,6,236.0,Bajo
107,Joven,Masculino,Alquilada,Soltero,Cerca,14600,3,6,307.0,Bajo
108,Adulta,Masculino,Propia,Casado,Cerca,56600,0,24,1607.0,Alto
109,Adulta,Femenino,Alquilada,Soltero,Cerca,37000,1,6,632.0,Bajo
110,Adulta,Femenino,Propia,Casado,Lejos,22800,0,12,452.0,Alto
111,Media,Femenino,Propia,Casado,Cerca,59100,1,6,1426.0,Alto
112,Media,Masculino,Propia,Casado,Cerca,92300,1,24,2141.0,Alto
113,Joven,Masculino,Alquilada,Soltero,Cerca,11200,0,6,106.0,Bajo
114,Media,Masculino,Alquilada,Soltero,Lejos,42500,1,6,798.0,Medio
115,Media,Masculino,Propia,Soltero,Cerca,82800,0,6,1544.0,Medio
116,Joven,Masculino,Alquilada,Soltero,Lejos,21900,2,6,192.0,Bajo
117,Joven,Femenino,Alquilada,Casado,Cerca,36900,1,18,1480.0,Bajo
118,Media,Masculino,Propia,Casado,Cerca,97300,1,12,3048.0,Alto
119,Joven,Femenino,Alquilada,Soltero,Cerca,11500,3,6,157.0,Bajo
120,Joven,Femenino,Alquilada,Soltero,Cerca,21900,1,12,576.0,Bajo
121,Joven,Femenino,Alquilada,Soltero,Lejos,23200,2,24,788.0,Bajo
122,Adulta,Masculino,Propia,Casado,Cerca,73300,0,12,1694.0,Alto
123,Adulta,Femenino,Propia,Soltero,Cerca,35200,0,12,827.0,Bajo
124,Joven,Femenino,Alquilada,Soltero,Cerca,13100,0,18,314.0,Bajo
125,Media,Masculino,Propia,Soltero,Lejos,45000,1,18,902.0,Medio
126,Media,Masculino,Propia,Soltero,Cerca,49900,1,24,1631.0,Medio
127,Media,Femenino,Propia,Soltero,Cerca,47900,0,12,1090.0,Bajo
128,Media,Masculino,Propia,Casado,Cerca,96600,0,12,1437.0,Alto
129,Joven,Masculino,Alquilada,Soltero,Cerca,31600,1,12,476.0,Bajo
130,Joven,Masculino,Propia,Soltero,Cerca,33400,0,12,567.0,Bajo
131,Media,Femenino,Alquilada,Casado,Cerca,68800,0,6,1658.0,Alto
132,Media,Masculino,Propia,Soltero,Cerca,45800,0,6,712.0,Medio
133,Media,Masculino,Propia,Casado,Cerca,69900,1,18,2101.0,Alto
134,Media,Masculino,Propia,Casado,Cerca,97100,0,12,1473.0,Alto
135,Media,Femenino,Propia,Soltero,Lejos,62500,3,6,921.0,Bajo
136,Joven,Masculino,Alquilada,Casado,Lejos,60300,1,6,1252.0,Medio
137,Media,Masculino,Propia,Casado,Cerca,70400,2,12,1127.0,Alto
138,Joven,Femenino,Alquilada,Soltero,Cerca,11000,2,18,393.0,Bajo
139,Media,Masculino,Propia,Soltero,Cerca,61600,0,18,1666.0,Medio
140,Media,Masculino,Propia,Casado,Cerca,88700,1,18,2448.0,Alto
141,Media,Femenino,Alquilada,Casado,Cerca,81400,2,6,1014.0,Alto
142,Media,Femenino,Propia,Soltero,Cerca,43300,1,18,1021.0,Bajo
143,Joven,Femenino,Alquilada,Casado,Cerca,79400,0,6,1175.0,Bajo
144,Joven,Masculino,Alquilada,Soltero,Cerca,21200,0,12,417.0,Bajo
145,Adulta,Femenino,Alquilada,Soltero,Lejos,20400,0,24,513.0,Bajo
146,Media,Masculino,Alquilada,Soltero,Cerca,52400,0,18,857.0,Medio
147,Adulta,Masculino,Propia,Soltero,Cerca,58700,0,24,1479.0,Medio
148,Media,Femenino,Propia,Casado,Cerca,62200,3,24,2119.0,Alto
149,Joven,Femenino,Alquilada,Soltero,Cerca,16900,2,6,281.0,Bajo
150,Joven,Masculino,Alquilada,Casado,Cerca,56300,0,24,1608.0,Medio
151,Joven,Femenino,Alquilada,Soltero,Cerca,15000,2,12,341.0,Bajo
152,Joven,Masculino,Alquilada,Soltero,Lejos,17800,1,18,589.0,Bajo
153,Joven,Masculino,Alquilada,Soltero,Cerca,15200,0,12,324.0,Bajo
154,Adulta,Masculino,Propia,Soltero,Cerca,51400,0,6,694.0,Medio
155,Joven,Femenino,Propia,Soltero,Cerca,21600,2,12,491.0,Bajo
156,Joven,Femenino,Propia,Soltero,Lejos,31900,0,12,860.0,Bajo
157,Media,Femenino,Alquilada,Soltero,Lejos,45500,1,18,1624.0,Bajo
158,Adulta,Femenino,Propia,Soltero,Cerca,12800,0,12,230.0,Bajo
159,Media,Masculino,Propia,Casado,Cerca,84700,3,24,2705.0,Alto
160,Joven,Masculino,Alquilada,Casado,Cerca,41500,0,24,1213.0,Medio
161,Media,Masculino,Propia,Soltero,Cerca,68900,2,18,2784.0,Medio
162,Media,Femenino,Propia,Casado,Cerca,80800,1,18,1598.0,Alto
163,Adulta,Femenino,Propia,Soltero,Cerca,39900,0,6,619.0,Bajo
164,Adulta,Femenino,Propia,Casado,Cerca,61000,0,18,1850.0,Alto
165,Adulta,Masculino,Propia,Soltero,Cerca,38700,0,24,1506.0,Medio
166,Media,Masculino,Propia,Casado,Lejos,98900,0,18,3126.0,Alto
167,Media,Masculino,Propia,Soltero,Cerca,64300,0,6,1325.0,Medio
168,Media,Femenino,Propia,Casado,Cerca,75600,0,12,1541.0,Alto
169,Joven,Masculino,Propia,Casado,Cerca,73000,0,6,1534.0,Medio
170,Joven,Masculino,Propia,Soltero,Cerca,29600,3,12,583.0,Bajo
171,Media,Masculino,Alquilada,Casado,Cerca,92900,1,6,1705.0,Alto
172,Joven,Femenino,Propia,Soltero,Cerca,27500,3,12,571.0,Bajo
173,Joven,Masculino,Alquilada,Soltero,Cerca,17600,0,6,245.0,Bajo
174,Media,Femenino,Propia,Soltero,Cerca,35800,1,24,1355.0,Bajo
175,Media,Masculino,Alquilada,Soltero,Lejos,50000,1,6,1079.0,Medio
176,Media,Femenino,Propia,Casado,Cerca,59900,1,6,613.0,Alto
177,Joven,Femenino,Alquilada,Soltero,Lejos,13600,1,18,349.0,Bajo
178,Joven,Femenino,Alquilada,Soltero,Cerca,14200,0,6,192.0,Bajo
179,Media,Masculino,Alquilada,Soltero,Cerca,54200,0,18,1405.0,Medio
180,Adulta,Masculino,Propia,Casado,Cerca,102700,0,18,2381.0,Alto
181,Joven,Masculino,Alquilada,Soltero,Cerca,21400,0,12,414.0,Bajo
182,Joven,Femenino,Alquilada,Soltero,Cerca,21700,2,6,387.0,Bajo
183,Joven,Femenino,Alquilada,Soltero,Lejos,12500,1,12,422.0,Bajo
184,Media,Femenino,Alquilada,Soltero,Lejos,31200,3,24,1087.0,Bajo
185,Joven,Femenino,Alquilada,Soltero,Cerca,13700,1,6,163.0,Bajo
186,Joven,Femenino,Propia,Casado,Lejos,55900,1,6,788.0,Bajo
187,Joven,Femenino,Alquilada,Soltero,Lejos,13700,2,24,414.0,Bajo
188,Media,Femenino,Propia,Casado,Cerca,82200,1,12,1517.0,Alto
189,Media,Masculino,Propia,Casado,Lejos,65400,3,6,836.0,Alto
190,Joven,Masculino,Alquilada,Casado,Lejos,63300,3,6,1408.0,Medio
191,Joven,Masculino,Alquilada,Casado,Lejos,51600,0,12,1082.0,Medio
192,Joven,Masculino,Alquilada,Casado,Lejos,55000,0,12,1162.0,Medio
193,Joven,Femenino,Propia,Soltero,Lejos,16300,0,12,360.0,Bajo
194,Joven,Femenino,Alquilada,Soltero,Cerca,12500,3,12,206.0,Bajo
195,Media,Femenino,Propia,Soltero,Cerca,41300,1,18,932.0,Bajo
196,Media,Masculino,Propia,Casado,Cerca,102400,1,12,2466.0,Alto
197,Joven,Femenino,Propia,Soltero,Lejos,27900,1,12,576.0,Bajo
198,Adulta,Masculino,Alquilada,Casado,Lejos,23800,0,12,428.0,Alto
199,Media,Masculino,Propia,Casado,Cerca,65800,1,12,1017.0,Alto
200,Media,Femenino,Propia,Soltero,Cerca,51900,2,12,1162.0,Bajo
201,Media,Femenino,Propia,Casado,Cerca,111900,1,12,2340.0,Alto
202,Media,Masculino,Propia,Casado,Cerca,82400,3,18,2122.0,Alto
203,Media,Masculino,Alquilada,Casado,Lejos,64600,2,24,2935.0,Alto
204,Media,Femenino,Propia,Soltero,Cerca,43100,0,24,1444.0,Bajo
205,Adulta,Masculino,Propia,Casado,Cerca,84500,0,12,1557.0,Alto
206,Joven,Femenino,Alquilada,Casado,Cerca,61000,1,18,1611.0,Bajo
207,Adulta,Femenino,Propia,Casado,Lejos,79300,0,12,2047.0,Alto
208,Media,Femenino,Alquilada,Soltero,Lejos,37800,2,12,1185.0,Bajo
209,Media,Masculino,Propia,Casado,Cerca,71600,1,12,1198.0,Alto
210,Media,Masculino,Alquilada,Soltero,Lejos,58600,2,6,989.0,Medio
211,Media,Femenino,Propia,Casado,Cerca,131500,3,6,2840.0,Alto
212,Joven,Masculino,Alquilada,Soltero,Lejos,22900,1,12,814.0,Bajo
213,Joven,Femenino,Alquilada,Soltero,Lejos,12800,1,24,365.0,Bajo
214,Joven,Femenino,Alquilada,Soltero,Cerca,14100,3,6,153.0,Bajo
215,Media,Masculino,Alquilada,Soltero,Cerca,52100,0,12,1668.0,Medio
216,Joven,Femenino,Alquilada,Soltero,Cerca,22600,3,6,521.0,Bajo
217,Media,Masculino,Alquilada,Soltero,Cerca,55100,2,6,826.0,Medio
218,Media,Femenino,Alquilada,Casado,Cerca,66500,1,24,1181.0,Alto
219,Joven,Masculino,Alquilada,Soltero,Cerca,10200,0,24,362.0,Bajo
220,Adulta,Masculino,Propia,Casado,Lejos,74500,0,18,1413.0,Alto
221,Media,Femenino,Propia,Soltero,Cerca,60200,1,12,1748.0,Bajo
222,Joven,Masculino,Alquilada,Soltero,Lejos,14800,1,12,376.0,Bajo
223,Media,Masculino,Propia,Casado,Cerca,106400,0,12,1757.0,Alto
224,Media,Masculino,Alquilada,Soltero,Cerca,39500,1,6,412.0,Medio
225,Media,Masculino,Propia,Casado,Cerca,122700,1,18,4984.0,Alto
226,Media,Masculino,Propia,Casado,Lejos,75500,0,18,2450.0,Alto
227,Media,Masculino,Propia,Soltero,Cerca,62900,0,24,2561.0,Medio
228,Media,Femenino,Alquilada,Soltero,Cerca,46600,0,12,546.0,Bajo
229,Joven,Femenino,Alquilada,Soltero,Cerca,24000,2,6,362.0,Bajo
230,Media,Femenino,Propia,Soltero,Cerca,72200,0,18,3278.0,Bajo
231,Adulta,Femenino,Alquilada,Soltero,Cerca,14900,0,12,275.0,Bajo
232,Joven,Masculino,Alquilada,Casado,Cerca,41600,3,24,1634.0,Medio
233,Media,Femenino,Propia,Casado,Cerca,68500,2,12,1500.0,Alto
234,Adulta,Femenino,Propia,Soltero,Cerca,35900,0,12,962.0,Bajo
235,Joven,Femenino,Alquilada,Casado,Cerca,36500,1,18,747.0,Bajo
236,Adulta,Masculino,Propia,Casado,Cerca,85300,0,12,2523.0,Alto
237,Joven,Femenino,Alquilada,Casado,Lejos,33200,1,24,1639.0,Bajo
238,Media,Femenino,Alquilada,Soltero,Cerca,35300,0,18,1369.0,Bajo
239,Joven,Masculino,Alquilada,Soltero,Cerca,21300,1,12,329.0,Bajo
240,Media,Masculino,Propia,Soltero,Cerca,63700,0,6,1351.0,Medio
241,Adulta,Femenino,Alquilada,Soltero,Cerca,11000,0,24,195.0,Bajo
242,Media,Femenino,Alquilada,Casado,Cerca,95900,0,24,3168.0,Alto
243,Media,Femenino,Propia,Casado,Cerca,76600,3,24,2904.0,Alto
244,Media,Femenino,Alquilada,Casado,Lejos,92400,1,6,2191.0,Alto
245,Media,Masculino,Propia,Casado,Lejos,95800,3,12,2581.0,Alto
246,Media,Masculino,Alquilada,Soltero,Cerca,49100,0,6,934.0,Medio
247,Joven,Femenino,Alquilada,Soltero,Cerca,10600,2,24,517.0,Bajo
248,Joven,Femenino,Alquilada,Casado,Cerca,76400,0,12,2216.0,Bajo
249,Media,Masculino,Propia,Soltero,Cerca,55600,0,12,952.0,Medio
250,Media,Femenino,Propia,Casado,Cerca,72600,1,18,1999.0,Alto
251,Joven,Masculino,Alquilada,Soltero,Lejos,19500,0,24,571.0,Bajo
252,Joven,Femenino,Alquilada,Soltero,Cerca,17200,1,12,329.0,Bajo
253,Joven,Femenino,Alquilada,Casado,Cerca,47300,0,6,640.0,Bajo
254,Joven,Femenino,Propia,Soltero,Lejos,32000,1,24,1320.0,Bajo
255,Media,Masculino,Alquilada,Soltero,Cerca,43700,0,18,1344.0,Medio
256,Adulta,Femenino,Propia,Casado,Cerca,22400,0,24,947.0,Alto
257,Media,Masculino,Alquilada,Casado,Lejos,70500,1,24,2145.0,Alto
258,Media,Femenino,Propia,Soltero,Lejos,25300,1,6,451.0,Bajo
259,Joven,Femenino,Alquilada,Soltero,Cerca,15900,0,18,406.0,Bajo
260,Joven,Masculino,Propia,Soltero,Cerca,23200,0,24,534.0,Bajo
261,Joven,Femenino,Propia,Casado,Cerca,42400,1,18,1166.0,Bajo
262,Adulta,Masculino,Propia,Soltero,Cerca,40200,2,18,1197.0,Medio
263,Joven,Femenino,Alquilada,Soltero,Cerca,25100,1,6,421.0,Bajo
264,Media,Femenino,Propia,Soltero,Cerca,46300,3,6,1138.0,Bajo
265,Adulta,Femenino,Propia,Casado,Lejos,74900,0,12,1804.0,Alto
266,Media,Masculino,Propia,Casado,Cerca,99200,3,12,2796.0,Alto
267,Media,Masculino,Propia,Casado,Cerca,84100,3,6,1352.0,Alto
268,Media,Femenino,Alquilada,Soltero,Cerca,47000,0,6,963.0,Bajo
269,Media,Masculino,Propia,Casado,Cerca,102700,3,12,1473.0,Alto
270,Media,Masculino,Propia,Casado,Cerca,100100,2,6,1597.0,Alto
271,Media,Masculino,Alquilada,Casado,Cerca,87400,2,18,2729.0,Alto
272,Adulta,Masculino,Alquilada,Casado,Lejos,66200,0,6,1024.0,Alto
273,Joven,Femenino,Alquilada,Soltero,Cerca,29200,3,6,636.0,Bajo
274,Media,Masculino,Alquilada,Soltero,Lejos,52600,1,18,1773.0,Medio
275,Media,Masculino,Alquilada,Casado,Lejos,97600,1,12,2902.0,Alto
276,Joven,Femenino,Alquilada,Soltero,Lejos,13200,0,18,512.0,Bajo
277,Adulta,Femenino,Alquilada,Soltero,Lejos,22600,0,12,865.0,Bajo
278,Joven,Masculino,Alquilada,Soltero,Lejos,14900,1,12,422.0,Bajo
279,Media,Femenino,Propia,Soltero,Cerca,36700,1,6,529.0,Bajo
280,Media,Masculino,Alquilada,Soltero,Cerca,43100,1,12,1224.0,Medio
281,Media,Femenino,Alquilada,Casado,Cerca,75200,1,24,2702.0,Alto
282,Joven,Femenino,Alquilada,Soltero,Cerca,25300,3,6,510.0,Bajo
283,Adulta,Femenino,Propia,Soltero,Cerca,33000,3,6,700.0,Bajo
284,Media,Femenino,Alquilada,Soltero,Cerca,33200,1,6,320.0,Bajo
285,Joven,Masculino,Alquilada,Casado,Cerca,49300,0,24,1692.0,Medio
286,Media,Masculino,Propia,Casado,Cerca,123800,2,18,3537.0,Alto
287,Media,Masculino,Propia,Casado,Cerca,101700,1,6,941.0,Alto
288,Joven,Masculino,Alquilada,Soltero,Cerca,17600,0,6,273.0,Bajo
289,Joven,Femenino,Alquilada,Soltero,Cerca,19400,1,18,384.0,Bajo
290,Media,Masculino,Alquilada,Soltero,Lejos,40500,1,18,1073.0,Medio
291,Media,Femenino,Propia,Casado,Lejos,83100,1,12,1816.0,Alto
292,Joven,Masculino,Alquilada,Casado,Cerca,66700,0,18,1454.0,Medio
293,Media,Femenino,Propia,Soltero,Cerca,46600,2,18,1011.0,Bajo
294,Media,Femenino,Propia,Soltero,Lejos,66800,3,24,1457.0,Bajo
295,Joven,Masculino,Alquilada,Soltero,Cerca,19100,0,6,405.0,Bajo
296,Media,Masculino,Propia,Casado,Cerca,53700,1,12,1168.0,Alto
297,Joven,Femenino,Propia,Soltero,Cerca,27800,3,12,597.0,Bajo
298,Media,Masculino,Propia,Casado,Lejos,118400,2,12,2594.0,Alto
299,Joven,Masculino,Alquilada,Soltero,Lejos,20800,0,6,443.0,Bajo
300,Media,Masculino,Propia,Soltero,Cerca,60200,3,12,1311.0,Medio
301,Joven,Masculino,Alquilada,Soltero,Cerca,17900,0,18,379.0,Bajo
302,Joven,Femenino,Alquilada,Soltero,Cerca,12400,1,12,257.0,Bajo
0,Adulta,Femenino,Propia,Soltero,Lejos,47500,0,6,755.0,Alto
1,Media,Masculino,Alquilada,Soltero,Cerca,63600,0,6,1318.0,Alto
2,Joven,Femenino,Alquilada,Soltero,Cerca,13500,0,18,296.0,Bajo
3,Media,Masculino,Propia,Casado,Cerca,85600,1,18,2436.0,Alto
4,Joven,Masculino,Propia,Casado,Cerca,30400,0,6,495.0,Bajo
5,Media,Femenino,Alquilada,Soltero,Cerca,48100,0,12,782.0,Medio
6,Media,Masculino,Propia,Soltero,Cerca,68400,0,18,1155.0,Alto
7,Media,Femenino,Propia,Casado,Cerca,51900,3,6,158.0,Bajo
8,Media,Masculino,Propia,Casado,Lejos,111800,3,18,2065.0,Alto
9,Media,Femenino,Propia,Casado,Cerca,44100,1,24,704.0,Medio
10,Media,Masculino,Propia,Casado,Cerca,111400,0,12,2136.0,Alto
11,Adulta,Femenino,Propia,Casado,Lejos,110000,0,24,5564.0,Alto
12,Adulta,Femenino,Propia,Casado,Cerca,82800,0,24,3010.0,Alto
13,Media,Masculino,Propia,Casado,Cerca,90100,0,18,1956.0,Alto
14,Media,Masculino,Alquilada,Soltero,Cerca,38600,1,18,542.0,Bajo
15,Adulta,Femenino,Alquilada,Soltero,Lejos,14000,0,12,410.0,Bajo
16,Joven,Femenino,Alquilada,Soltero,Lejos,14300,2,6,194.0,Bajo
17,Joven,Masculino,Alquilada,Casado,Cerca,49800,0,12,827.0,Medio
18,Adulta,Femenino,Alquilada,Casado,Lejos,60200,0,18,2328.0,Alto
19,Joven,Masculino,Alquilada,Casado,Lejos,43500,1,12,808.0,Medio
20,Media,Femenino,Propia,Casado,Cerca,92300,3,18,655.0,Bajo
21,Media,Femenino,Alquilada,Casado,Lejos,72900,0,18,2075.0,Alto
22,Media,Femenino,Alquilada,Casado,Cerca,66900,2,12,769.0,Medio
23,Adulta,Femenino,Alquilada,Casado,Cerca,39700,0,12,573.0,Medio
24,Media,Masculino,Alquilada,Casado,Lejos,72200,1,12,2082.0,Alto
25,Media,Masculino,Propia,Casado,Cerca,104100,0,24,2636.0,Alto
26,Media,Masculino,Alquilada,Soltero,Lejos,67700,0,12,2226.0,Alto
27,Media,Femenino,Propia,Soltero,Cerca,27000,2,6,183.0,Bajo
28,Media,Femenino,Propia,Soltero,Lejos,64100,2,24,1595.0,Alto
29,Media,Masculino,Alquilada,Soltero,Cerca,47000,1,12,584.0,Medio
30,Adulta,Femenino,Alquilada,Soltero,Cerca,20100,0,24,576.0,Bajo
31,Media,Masculino,Propia,Soltero,Cerca,64000,3,12,410.0,Bajo
32,Adulta,Femenino,Alquilada,Casado,Lejos,81500,0,18,3655.0,Alto
33,Media,Femenino,Propia,Soltero,Cerca,49600,1,12,844.0,Medio
34,Adulta,Femenino,Propia,Casado,Cerca,111500,0,18,2510.0,Alto
35,Media,Masculino,Propia,Casado,Cerca,126500,2,18,2000.0,Alto
36,Media,Femenino,Propia,Casado,Cerca,83300,1,24,2574.0,Alto
37,Media,Femenino,Propia,Casado,Cerca,90500,1,6,1116.0,Alto
38,Media,Femenino,Propia,Casado,Lejos,87200,0,18,3604.0,Alto
39,Media,Femenino,Propia,Soltero,Lejos,56000,3,6,530.0,Medio
40,Media,Femenino,Alquilada,Soltero,Cerca,46600,0,24,906.0,Medio
41,Adulta,Masculino,Alquilada,Casado,Cerca,69800,0,24,2764.0,Alto
42,Media,Masculino,Propia,Soltero,Cerca,60300,0,24,1263.0,Alto
43,Joven,Masculino,Alquilada,Casado,Cerca,67800,0,12,1084.0,Alto
44,Media,Masculino,Alquilada,Soltero,Cerca,42300,0,24,1051.0,Medio
45,Media,Masculino,Propia,Soltero,Cerca,62700,2,12,704.0,Medio
46,Joven,Femenino,Propia,Soltero,Cerca,15600,1,6,136.0,Bajo
47,Adulta,Femenino,Propia,Soltero,Cerca,14600,0,24,468.0,Bajo
48,Adulta,Femenino,Propia,Casado,Cerca,62600,0,6,565.0,Alto
49,Media,Femenino,Propia,Soltero,Cerca,51300,0,24,1424.0,Medio
50,Media,Masculino,Propia,Soltero,Lejos,72300,0,24,4182.0,Alto
51,Joven,Masculino,Alquilada,Soltero,Cerca,15000,3,6,38.0,Bajo
52,Joven,Femenino,Alquilada,Casado,Cerca,60600,3,12,307.0,Bajo
53,Media,Masculino,Propia,Casado,Lejos,84300,2,18,1648.0,Alto
54,Joven,Femenino,Propia,Soltero,Cerca,24400,1,6,220.0,Bajo
55,Joven,Femenino,Alquilada,Soltero,Cerca,22100,2,18,280.0,Bajo
56,Media,Femenino,Propia,Casado,Cerca,74700,1,6,704.0,Medio
57,Joven,Femenino,Alquilada,Soltero,Lejos,32400,1,24,920.0,Medio
58,Media,Masculino,Alquilada,Soltero,Cerca,47200,0,18,1587.0,Medio
59,Media,Femenino,Propia,Soltero,Cerca,48700,2,12,528.0,Bajo
60,Joven,Masculino,Alquilada,Soltero,Lejos,20400,0,18,867.0,Medio
61,Joven,Femenino,Alquilada,Soltero,Cerca,12900,1,6,107.0,Bajo
62,Media,Femenino,Alquilada,Casado,Lejos,67300,1,18,1513.0,Alto
63,Adulta,Masculino,Propia,Casado,Cerca,134500,0,24,4558.0,Alto
64,Adulta,Masculino,Propia,Casado,Cerca,75500,0,6,741.0,Alto
65,Adulta,Femenino,Propia,Casado,Lejos,33600,2,12,805.0,Medio
66,Joven,Masculino,Alquilada,Casado,Cerca,27400,1,6,278.0,Bajo
67,Media,Femenino,Propia,Casado,Cerca,110400,3,24,1093.0,Bajo
68,Joven,Femenino,Alquilada,Soltero,Lejos,21100,1,6,470.0,Bajo
69,Media,Masculino,Propia,Casado,Cerca,81200,0,24,1856.0,Alto
70,Media,Masculino,Alquilada,Soltero,Lejos,59000,0,24,3044.0,Alto
71,Media,Femenino,Propia,Soltero,Cerca,52700,2,18,855.0,Bajo
72,Joven,Masculino,Propia,Soltero,Cerca,20900,0,24,550.0,Bajo
73,Media,Masculino,Propia,Casado,Lejos,90700,3,24,2265.0,Alto
74,Joven,Femenino,Propia,Soltero,Lejos,27900,0,18,1184.0,Medio
75,Adulta,Femenino,Propia,Casado,Cerca,70700,0,24,2150.0,Alto
76,Media,Masculino,Alquilada,Casado,Cerca,96400,1,24,1822.0,Alto
77,Adulta,Masculino,Propia,Casado,Cerca,106600,0,12,1877.0,Alto
78,Media,Femenino,Alquilada,Casado,Cerca,104900,3,6,450.0,Bajo
79,Adulta,Masculino,Alquilada,Soltero,Cerca,56300,0,6,873.0,Medio
80,Joven,Femenino,Alquilada,Soltero,Cerca,14800,1,6,209.0,Bajo
81,Adulta,Masculino,Propia,Casado,Cerca,58300,0,24,1472.0,Medio
82,Media,Masculino,Propia,Soltero,Lejos,70200,0,12,1702.0,Alto
83,Adulta,Masculino,Propia,Casado,Lejos,59700,0,18,1857.0,Alto
84,Joven,Femenino,Alquilada,Soltero,Cerca,12000,0,24,344.0,Bajo
85,Media,Masculino,Alquilada,Soltero,Lejos,51900,0,18,1492.0,Alto
86,Joven,Femenino,Alquilada,Soltero,Lejos,13800,3,6,127.0,Bajo
87,Media,Femenino,Propia,Casado,Lejos,44200,0,24,2524.0,Alto
88,Media,Femenino,Propia,Soltero,Cerca,35200,0,12,607.0,Medio
89,Media,Masculino,Propia,Casado,Cerca,113000,2,18,1554.0,Medio
90,Adulta,Femenino,Alquilada,Casado,Lejos,52500,0,24,2038.0,Alto
91,Media,Femenino,Alquilada,Casado,Lejos,45400,3,24,1203.0,Medio
92,Joven,Femenino,Propia,Casado,Lejos,68000,0,24,3688.0,Alto
93,Joven,Femenino,Alquilada,Soltero,Cerca,14600,1,6,143.0,Bajo
94,Adulta,Femenino,Propia,Casado,Lejos,100100,0,12,3104.0,Alto
95,Joven,Femenino,Alquilada,Soltero,Lejos,10800,3,6,123.0,Bajo
96,Media,Femenino,Propia,Casado,Cerca,81700,3,24,879.0,Bajo
97,Adulta,Femenino,Alquilada,Soltero,Cerca,21400,0,18,498.0,Bajo
98,Adulta,Femenino,Propia,Casado,Cerca,114800,0,18,3596.0,Alto
99,Adulta,Femenino,Propia,Casado,Lejos,67900,0,24,2925.0,Alto
100,Joven,Femenino,Alquilada,Soltero,Cerca,16400,1,12,218.0,Bajo
101,Media,Femenino,Propia,Casado,Lejos,109800,0,18,4279.0,Alto
102,Media,Femenino,Alquilada,Soltero,Cerca,41400,3,6,223.0,Bajo
103,Media,Femenino,Propia,Soltero,Cerca,49100,2,6,474.0,Bajo
104,Adulta,Femenino,Propia,Soltero,Lejos,42600,0,24,1790.0,Alto
105,Joven,Femenino,Alquilada,Soltero,Cerca,11900,1,6,143.0,Bajo
106,Media,Masculino,Propia,Casado,Lejos,113600,2,18,3237.0,Alto
107,Joven,Masculino,Alquilada,Soltero,Cerca,21000,0,24,646.0,Bajo
108,Media,Masculino,Propia,Soltero,Lejos,59600,2,18,1217.0,Medio
109,Media,Femenino,Alquilada,Soltero,Cerca,39700,3,12,238.0,Bajo
110,Adulta,Masculino,Propia,Casado,Cerca,51200,0,12,1293.0,Medio
111,Media,Masculino,Propia,Casado,Lejos,122100,0,12,2408.0,Alto
112,Adulta,Femenino,Alquilada,Casado,Cerca,84800,0,18,2624.0,Alto
113,Media,Masculino,Propia,Casado,Lejos,140000,0,12,4894.0,Alto
114,Adulta,Femenino,Propia,Soltero,Cerca,28500,0,24,621.0,Bajo
115,Media,Masculino,Alquilada,Soltero,Cerca,60300,0,6,701.0,Alto
116,Media,Masculino,Propia,Soltero,Cerca,60200,0,12,1365.0,Medio
117,Media,Masculino,Propia,Casado,Lejos,81200,0,12,2693.0,Alto
118,Adulta,Masculino,Propia,Casado,Cerca,73100,0,6,1582.0,Alto
119,Adulta,Masculino,Propia,Soltero,Cerca,45700,0,18,724.0,Medio
120,Adulta,Femenino,Alquilada,Soltero,Cerca,28900,0,12,830.0,Bajo
121,Adulta,Femenino,Propia,Casado,Cerca,35000,0,6,473.0,Medio
122,Joven,Masculino,Alquilada,Casado,Cerca,45800,0,6,489.0,Medio
123,Media,Masculino,Propia,Casado,Lejos,77800,1,18,1813.0,Alto
124,Media,Femenino,Alquilada,Soltero,Lejos,39000,3,6,292.0,Bajo
125,Joven,Femenino,Propia,Soltero,Cerca,27100,2,24,437.0,Bajo
126,Media,Femenino,Alquilada,Casado,Cerca,91000,2,6,708.0,Medio
127,Media,Femenino,Propia,Casado,Cerca,35300,0,24,1093.0,Medio
128,Joven,Femenino,Alquilada,Soltero,Cerca,12500,1,6,202.0,Bajo
129,Media,Masculino,Propia,Casado,Lejos,113400,3,18,1790.0,Alto
130,Joven,Femenino,Alquilada,Soltero,Cerca,16900,1,6,247.0,Bajo
131,Joven,Femenino,Alquilada,Soltero,Cerca,13600,1,6,183.0,Bajo
132,Media,Masculino,Propia,Casado,Lejos,100100,1,24,3491.0,Alto
133,Adulta,Femenino,Propia,Casado,Lejos,80000,0,6,1985.0,Alto
134,Media,Masculino,Propia,Casado,Cerca,83900,0,24,1721.0,Alto
135,Media,Masculino,Propia,Casado,Cerca,77000,0,12,2104.0,Alto
136,Media,Femenino,Alquilada,Casado,Cerca,72900,3,6,252.0,Bajo
137,Joven,Masculino,Alquilada,Casado,Cerca,80700,3,6,202.0,Bajo
138,Joven,Femenino,Alquilada,Casado,Cerca,40900,1,18,962.0,Medio
139,Media,Masculino,Propia,Casado,Cerca,54700,0,18,848.0,Medio
140,Adulta,Femenino,Alquilada,Casado,Cerca,23600,1,6,161.0,Bajo
141,Media,Masculino,Alquilada,Soltero,Lejos,56900,0,24,1857.0,Alto
142,Joven,Femenino,Alquilada,Soltero,Cerca,19300,1,24,308.0,Bajo
143,Joven,Masculino,Alquilada,Casado,Lejos,20200,1,24,500.0,Bajo
144,Media,Femenino,Alquilada,Casado,Lejos,61500,3,24,1162.0,Medio
145,Media,Femenino,Alquilada,Casado,Lejos,120800,1,24,5830.0,Alto
146,Media,Masculino,Alquilada,Soltero,Cerca,53300,0,18,1720.0,Medio
147,Media,Femenino,Alquilada,Soltero,Cerca,42800,0,12,759.0,Medio
148,Media,Masculino,Propia,Casado,Cerca,98400,0,18,3305.0,Alto
149,Media,Femenino,Propia,Soltero,Cerca,51200,0,18,1257.0,Medio
150,Media,Masculino,Propia,Casado,Cerca,109200,3,24,1102.0,Bajo
151,Joven,Femenino,Alquilada,Soltero,Cerca,14000,0,12,229.0,Bajo
152,Adulta,Femenino,Alquilada,Soltero,Lejos,15000,0,12,378.0,Bajo
153,Adulta,Masculino,Propia,Casado,Lejos,33000,0,12,979.0,Medio
154,Adulta,Femenino,Propia,Casado,Cerca,74400,0,18,2479.0,Alto
155,Joven,Masculino,Alquilada,Soltero,Lejos,20300,2,24,450.0,Bajo
156,Media,Masculino,Alquilada,Casado,Cerca,68700,0,24,2763.0,Alto
157,Joven,Masculino,Alquilada,Casado,Lejos,53600,3,24,1560.0,Medio
158,Adulta,Femenino,Propia,Soltero,Cerca,33200,0,24,1037.0,Medio
159,Joven,Masculino,Propia,Soltero,Cerca,41400,0,18,643.0,Medio
160,Adulta,Masculino,Propia,Casado,Cerca,107400,0,12,1485.0,Alto
161,Media,Femenino,Alquilada,Casado,Cerca,79900,1,18,1165.0,Medio
162,Media,Masculino,Propia,Casado,Lejos,120000,3,18,1926.0,Alto
163,Media,Femenino,Propia,Soltero,Cerca,54400,3,18,342.0,Bajo
164,Media,Masculino,Propia,Casado,Cerca,84200,0,24,1654.0,Alto
165,Joven,Femenino,Alquilada,Casado,Cerca,13800,0,18,363.0,Bajo
166,Joven,Femenino,Alquilada,Soltero,Lejos,14500,1,6,222.0,Bajo
167,Joven,Masculino,Alquilada,Soltero,Cerca,21300,0,24,677.0,Bajo
168,Adulta,Masculino,Alquilada,Soltero,Cerca,29000,0,6,482.0,Bajo
169,Adulta,Femenino,Alquilada,Soltero,Cerca,14600,1,24,385.0,Bajo
170,Adulta,Masculino,Propia,Soltero,Cerca,65300,0,18,1443.0,Alto
171,Media,Femenino,Propia,Casado,Cerca,100800,1,24,1789.0,Alto
172,Joven,Femenino,Alquilada,Soltero,Lejos,19800,1,24,991.0,Bajo
173,Media,Masculino,Propia,Soltero,Cerca,56700,2,18,536.0,Bajo
174,Adulta,Masculino,Alquilada,Casado,Cerca,90200,0,18,2183.0,Alto
175,Joven,Femenino,Alquilada,Soltero,Cerca,15900,0,18,503.0,Bajo
176,Media,Masculino,Propia,Casado,Cerca,96100,3,12,316.0,Bajo
177,Media,Masculino,Propia,Casado,Lejos,82400,2,24,2035.0,Alto
178,Adulta,Masculino,Propia,Soltero,Lejos,62000,0,24,3293.0,Alto
179,Joven,Femenino,Alquilada,Soltero,Cerca,13400,1,12,143.0,Bajo
180,Media,Masculino,Propia,Casado,Cerca,108200,3,12,635.0,Bajo
181,Joven,Femenino,Propia,Casado,Cerca,76200,0,12,979.0,Alto
182,Media,Masculino,Alquilada,Casado,Cerca,81800,1,18,1838.0,Alto
183,Joven,Femenino,Alquilada,Soltero,Lejos,12000,0,6,264.0,Bajo
184,Media,Masculino,Propia,Casado,Cerca,82100,1,18,1308.0,Alto
185,Adulta,Femenino,Propia,Casado,Cerca,103300,0,24,3378.0,Alto
186,Media,Femenino,Propia,Soltero,Lejos,47500,0,6,847.0,Alto
187,Joven,Femenino,Alquilada,Soltero,Cerca,31300,1,6,357.0,Bajo
188,Media,Masculino,Propia,Casado,Cerca,72200,0,24,2492.0,Alto
189,Media,Femenino,Propia,Casado,Cerca,107600,2,12,1512.0,Medio
190,Media,Femenino,Propia,Casado,Cerca,65400,2,24,938.0,Medio
191,Adulta,Femenino,Propia,Soltero,Cerca,51900,0,12,1148.0,Medio
192,Media,Femenino,Alquilada,Soltero,Cerca,42700,0,12,827.0,Medio
193,Joven,Femenino,Alquilada,Soltero,Cerca,14500,1,6,183.0,Bajo
194,Joven,Masculino,Alquilada,Casado,Cerca,36700,0,12,731.0,Medio
195,Adulta,Masculino,Propia,Casado,Lejos,54600,0,24,2163.0,Alto
196,Media,Masculino,Propia,Casado,Cerca,65900,1,12,1081.0,Medio
197,Media,Femenino,Propia,Casado,Lejos,102800,2,18,2238.0,Alto
198,Media,Masculino,Alquilada,Casado,Cerca,106700,2,6,607.0,Medio
199,Media,Masculino,Alquilada,Soltero,Cerca,53900,1,6,735.0,Medio
200,Joven,Femenino,Alquilada,Casado,Cerca,25500,2,6,139.0,Bajo
201,Joven,Masculino,Alquilada,Casado,Lejos,46300,1,18,1357.0,Medio
202,Adulta,Masculino,Propia,Casado,Cerca,55500,0,18,858.0,Medio
203,Adulta,Masculino,Alquilada,Soltero,Cerca,42800,0,12,922.0,Medio
204,Media,Femenino,Propia,Casado,Lejos,118300,1,12,2502.0,Alto
205,Adulta,Femenino,Propia,Soltero,Cerca,30900,0,18,862.0,Medio
206,Adulta,Masculino,Propia,Casado,Cerca,84300,0,24,2842.0,Alto
207,Adulta,Masculino,Propia,Soltero,Cerca,53400,1,12,886.0,Medio
208,Media,Masculino,Propia,Casado,Cerca,96900,1,12,1420.0,Alto
209,Joven,Femenino,Alquilada,Casado,Cerca,25900,1,6,242.0,Bajo
210,Joven,Femenino,Alquilada,Soltero,Cerca,22000,1,12,472.0,Bajo
211,Media,Femenino,Alquilada,Casado,Cerca,96700,2,12,1231.0,Medio
212,Adulta,Masculino,Propia,Casado,Cerca,26800,0,12,435.0,Bajo
213,Joven,Femenino,Alquilada,Soltero,Cerca,16700,2,12,108.0,Bajo
214,Joven,Femenino,Alquilada,Casado,Cerca,69700,2,6,584.0,Medio
215,Media,Masculino,Alquilada,Soltero,Cerca,61800,0,24,1156.0,Alto
216,Media,Masculino,Propia,Casado,Cerca,102500,1,24,2464.0,Alto
217,Joven,Masculino,Alquilada,Casado,Lejos,41600,0,24,1690.0,Alto
218,Media,Masculino,Propia,Soltero,Cerca,73700,1,12,1274.0,Medio
219,Media,Femenino,Alquilada,Soltero,Cerca,43700,0,12,950.0,Medio
220,Media,Femenino,Propia,Casado,Cerca,63300,2,24,679.0,Medio
221,Joven,Femenino,Propia,Soltero,Lejos,33200,2,12,607.0,Medio
222,Adulta,Femenino,Propia,Casado,Lejos,78800,0,18,3398.0,Alto
223,Media,Masculino,Propia,Casado,Cerca,82500,0,6,859.0,Alto
224,Media,Masculino,Propia,Soltero,Lejos,80800,2,18,2444.0,Alto
225,Media,Masculino,Propia,Casado,Cerca,88100,2,24,1078.0,Medio
226,Media,Masculino,Alquilada,Casado,Lejos,124800,3,18,2537.0,Alto
227,Joven,Masculino,Propia,Soltero,Cerca,31900,0,6,616.0,Medio
228,Adulta,Masculino,Propia,Casado,Lejos,15400,0,6,297.0,Bajo
229,Joven,Femenino,Alquilada,Soltero,Cerca,23000,3,6,79.0,Bajo
230,Media,Femenino,Propia,Casado,Cerca,82400,2,18,657.0,Medio
231,Media,Femenino,Propia,Casado,Cerca,97900,0,24,2149.0,Alto
232,Adulta,Femenino,Alquilada,Casado,Lejos,88400,0,18,3632.0,Alto
233,Media,Femenino,Propia,Casado,Cerca,86900,0,18,2230.0,Alto
234,Media,Femenino,Propia,Soltero,Cerca,45100,1,12,448.0,Medio
235,Media,Masculino,Alquilada,Soltero,Cerca,41800,3,24,301.0,Bajo
236,Adulta,Masculino,Propia,Casado,Cerca,74800,0,18,1968.0,Alto
237,Media,Femenino,Alquilada,Casado,Cerca,73000,1,6,490.0,Medio
238,Media,Masculino,Propia,Casado,Cerca,118500,1,24,3063.0,Alto
239,Media,Masculino,Propia,Soltero,Cerca,65300,3,6,193.0,Bajo
240,Media,Femenino,Alquilada,Casado,Cerca,66300,2,12,544.0,Medio
241,Media,Masculino,Propia,Casado,Lejos,103900,1,24,2666.0,Alto
242,Media,Femenino,Propia,Casado,Cerca,71900,0,18,1846.0,Alto
243,Adulta,Femenino,Propia,Soltero,Lejos,24000,1,6,357.0,Bajo
244,Media,Femenino,Alquilada,Casado,Cerca,46700,0,24,983.0,Medio
245,Joven,Femenino,Alquilada,Soltero,Cerca,12100,1,6,90.0,Bajo
246,Adulta,Masculino,Propia,Casado,Cerca,66300,0,12,1088.0,Alto
247,Media,Femenino,Propia,Soltero,Cerca,47900,1,24,662.0,Medio
248,Media,Femenino,Alquilada,Casado,Cerca,40500,2,18,622.0,Bajo
249,Adulta,Masculino,Propia,Soltero,Cerca,69100,0,12,1477.0,Alto
250,Media,Femenino,Alquilada,Casado,Lejos,75800,1,12,1830.0,Alto
251,Media,Femenino,Alquilada,Casado,Cerca,48600,0,24,1583.0,Medio
252,Adulta,Femenino,Propia,Soltero,Cerca,39600,0,12,610.0,Medio
253,Joven,Femenino,Alquilada,Soltero,Cerca,11700,0,12,193.0,Bajo
254,Joven,Masculino,Alquilada,Casado,Cerca,52600,1,12,1052.0,Medio
255,Adulta,Masculino,Propia,Casado,Cerca,123000,0,24,3671.0,Alto
256,Adulta,Femenino,Alquilada,Casado,Lejos,64600,0,18,2206.0,Alto
257,Media,Femenino,Propia,Soltero,Lejos,34600,2,18,748.0,Medio
258,Media,Masculino,Propia,Casado,Cerca,74500,0,6,1481.0,Alto
259,Joven,Femenino,Alquilada,Soltero,Lejos,18400,1,6,303.0,Bajo
260,Joven,Masculino,Alquilada,Soltero,Cerca,25000,0,6,264.0,Bajo
261,Media,Masculino,Propia,Casado,Lejos,61400,1,24,1575.0,Alto
262,Media,Masculino,Propia,Casado,Cerca,76400,2,18,881.0,Medio
263,Joven,Masculino,Propia,Casado,Cerca,55100,0,18,1439.0,Medio
264,Adulta,Femenino,Propia,Casado,Cerca,10100,1,6,93.0,Bajo
265,Joven,Masculino,Alquilada,Soltero,Cerca,17800,0,18,292.0,Bajo
266,Joven,Femenino,Alquilada,Soltero,Lejos,19700,2,6,330.0,Bajo
267,Media,Masculino,Propia,Casado,Lejos,73800,0,24,3120.0,Alto
268,Media,Masculino,Propia,Casado,Lejos,113300,1,18,5151.0,Alto
269,Joven,Femenino,Alquilada,Casado,Lejos,30100,0,12,530.0,Medio
270,Media,Femenino,Propia,Soltero,Cerca,43500,1,12,500.0,Medio
271,Media,Masculino,Propia,Casado,Cerca,97500,0,18,2837.0,Alto
272,Adulta,Masculino,Propia,Casado,Cerca,54600,0,24,1246.0,Medio
273,Adulta,Masculino,Propia,Casado,Lejos,62300,0,24,2644.0,Alto
274,Media,Femenino,Alquilada,Soltero,Lejos,35600,3,18,865.0,Bajo
275,Media,Masculino,Propia,Casado,Cerca,96900,0,6,1159.0,Alto
276,Media,Femenino,Alquilada,Casado,Cerca,93500,1,18,1426.0,Alto
277,Joven,Masculino,Alquilada,Soltero,Cerca,21900,0,12,276.0,Bajo
278,Media,Masculino,Alquilada,Soltero,Cerca,63000,0,24,1910.0,Alto
279,Media,Masculino,Propia,Soltero,Cerca,44600,2,6,236.0,Bajo
280,Media,Masculino,Alquilada,Soltero,Lejos,45100,1,12,794.0,Medio
281,Adulta,Femenino,Propia,Casado,Cerca,74900,0,12,1474.0,Alto
282,Joven,Masculino,Alquilada,Soltero,Cerca,14200,0,6,250.0,Bajo
283,Adulta,Masculino,Propia,Casado,Lejos,41300,0,24,1985.0,Alto
284,Adulta,Femenino,Propia,Soltero,Lejos,32700,0,24,1252.0,Medio
285,Media,Masculino,Propia,Casado,Cerca,97400,1,6,880.0,Alto
286,Joven,Femenino,Alquilada,Soltero,Lejos,23100,2,6,466.0,Bajo
287,Media,Masculino,Propia,Soltero,Cerca,49200,3,12,210.0,Bajo
288,Media,Masculino,Propia,Casado,Cerca,87200,0,18,1274.0,Alto
289,Media,Masculino,Propia,Casado,Cerca,66900,0,12,1220.0,Alto
290,Media,Femenino,Propia,Soltero,Cerca,47600,1,12,801.0,Medio
291,Media,Masculino,Propia,Soltero,Cerca,59400,0,18,1699.0,Medio
292,Media,Femenino,Alquilada,Soltero,Cerca,32700,2,6,273.0,Bajo
293,Media,Masculino,Alquilada,Soltero,Cerca,34200,1,18,523.0,Bajo
294,Media,Femenino,Propia,Casado,Cerca,126300,1,6,1888.0,Alto
295,Media,Femenino,Propia,Casado,Lejos,108100,3,18,2632.0,Alto
296,Media,Femenino,Alquilada,Soltero,Cerca,43300,3,24,326.0,Bajo
297,Media,Masculino,Propia,Soltero,Lejos,50100,1,18,1071.0,Alto
298,Adulta,Femenino,Propia,Casado,Cerca,74700,0,12,1699.0,Alto
299,Adulta,Masculino,Alquilada,Casado,Cerca,60000,0,6,966.0,Medio
300,Media,Femenino,Alquilada,Soltero,Cerca,25700,2,6,173.0,Bajo
301,Media,Masculino,Propia,Casado,Cerca,83700,0,24,3344.0,Alto
302,Media,Masculino,Alquilada,Soltero,Cerca,50500,0,12,1029.0,Medio
303,Joven,Femenino,Alquilada,Soltero,Cerca,17300,0,12,345.0,Bajo
304,Adulta,Masculino,Propia,Casado,Cerca,108900,0,12,1841.0,Alto
305,Media,Femenino,Alquilada,Casado,Cerca,60500,2,6,409.0,Bajo
306,Adulta,Femenino,Propia,Casado,Lejos,84100,0,18,2710.0,Alto
307,Joven,Masculino,Alquilada,Casado,Lejos,25100,0,12,592.0,Medio
308,Media,Femenino,Propia,Casado,Cerca,72200,2,18,715.0,Medio
309,Adulta,Femenino,Propia,Casado,Lejos,78900,0,18,2233.0,Alto
310,Joven,Femenino,Alquilada,Soltero,Cerca,17800,1,6,216.0,Bajo
311,Media,Femenino,Propia,Casado,Cerca,105500,1,6,1781.0,Alto
312,Media,Femenino,Propia,Soltero,Cerca,46100,2,12,418.0,Bajo
313,Joven,Masculino,Alquilada,Soltero,Cerca,27100,1,12,268.0,Bajo
314,Joven,Femenino,Alquilada,Soltero,Cerca,12000,0,6,140.0,Bajo
315,Media,Femenino,Propia,Soltero,Cerca,48400,0,12,992.0,Medio
316,Media,Masculino,Alquilada,Soltero,Cerca,45600,0,18,1388.0,Medio
317,Media,Femenino,Propia,Soltero,Cerca,35200,2,6,233.0,Bajo
318,Media,Masculino,Alquilada,Soltero,Lejos,60200,0,24,2304.0,Alto
319,Media,Femenino,Alquilada,Casado,Lejos,53900,1,18,2177.0,Alto
320,Joven,Masculino,Alquilada,Casado,Cerca,36900,0,18,721.0,Medio
321,Adulta,Femenino,Propia,Soltero,Cerca,36100,0,12,438.0,Medio
322,Media,Femenino,Propia,Casado,Lejos,88600,1,18,2563.0,Alto
323,Media,Masculino,Alquilada,Casado,Cerca,79500,0,18,1763.0,Alto
324,Joven,Femenino,Alquilada,Soltero,Cerca,18900,1,6,184.0,Bajo
325,Adulta,Femenino,Propia,Soltero,Cerca,17300,0,6,166.0,Bajo
326,Media,Masculino,Propia,Casado,Cerca,76700,1,24,1431.0,Medio
327,Media,Masculino,Propia,Casado,Lejos,123000,1,24,5878.0,Alto
328,Media,Masculino,Propia,Soltero,Cerca,56300,3,6,321.0,Bajo
329,Media,Masculino,Propia,Casado,Cerca,70000,0,24,1974.0,Alto
330,Media,Masculino,Propia,Soltero,Cerca,48100,0,18,1640.0,Medio
331,Media,Femenino,Propia,Casado,Cerca,63700,3,12,364.0,Bajo
332,Media,Masculino,Alquilada,Soltero,Cerca,53900,0,12,1060.0,Medio
333,Adulta,Femenino,Propia,Casado,Cerca,118800,0,18,2176.0,Alto
334,Media,Femenino,Propia,Casado,Cerca,79400,3,6,200.0,Bajo
335,Adulta,Femenino,Propia,Soltero,Cerca,17600,0,6,224.0,Bajo
336,Joven,Masculino,Alquilada,Soltero,Cerca,23500,0,12,371.0,Bajo
337,Joven,Masculino,Alquilada,Casado,Cerca,56900,2,12,687.0,Bajo
338,Media,Masculino,Propia,Casado,Cerca,95100,2,12,809.0,Medio
339,Media,Masculino,Propia,Casado,Cerca,119800,2,24,2090.0,Medio
340,Media,Femenino,Propia,Casado,Cerca,76700,2,6,534.0,Medio
341,Media,Masculino,Propia,Casado,Cerca,67600,1,18,1172.0,Medio
342,Adulta,Femenino,Propia,Casado,Cerca,72900,0,6,753.0,Alto
343,Adulta,Femenino,Alquilada,Soltero,Cerca,21200,0,6,242.0,Bajo
344,Adulta,Masculino,Alquilada,Soltero,Cerca,32400,1,12,515.0,Bajo
345,Adulta,Femenino,Propia,Soltero,Cerca,24400,0,6,491.0,Bajo
346,Media,Masculino,Propia,Casado,Cerca,66500,3,12,286.0,Bajo
347,Adulta,Femenino,Alquilada,Casado,Lejos,72200,0,24,3069.0,Alto
348,Adulta,Femenino,Propia,Soltero,Lejos,22000,0,12,736.0,Medio
349,Joven,Femenino,Alquilada,Soltero,Cerca,18800,2,18,170.0,Bajo
350,Joven,Femenino,Alquilada,Soltero,Cerca,26600,2,24,245.0,Bajo
351,Media,Femenino,Alquilada,Casado,Cerca,72100,0,24,3052.0,Alto
352,Media,Masculino,Propia,Soltero,Lejos,55600,0,18,1786.0,Alto
353,Joven,Femenino,Alquilada,Soltero,Cerca,14600,3,6,47.0,Bajo
354,Adulta,Masculino,Propia,Casado,Cerca,45900,0,24,1645.0,Medio
355,Joven,Femenino,Propia,Soltero,Cerca,15100,0,6,274.0,Bajo
356,Media,Masculino,Propia,Casado,Cerca,140700,3,12,1001.0,Medio
357,Media,Masculino,Propia,Casado,Cerca,90300,0,24,1944.0,Alto
358,Adulta,Masculino,Propia,Casado,Cerca,95900,0,24,2585.0,Alto
359,Joven,Masculino,Alquilada,Soltero,Cerca,17700,1,12,268.0,Bajo
360,Media,Masculino,Propia,Casado,Cerca,102400,1,18,1237.0,Alto
361,Joven,Masculino,Alquilada,Soltero,Lejos,13800,1,12,368.0,Bajo
362,Media,Femenino,Alquilada,Soltero,Cerca,50500,1,12,940.0,Medio
363,Media,Femenino,Alquilada,Soltero,Cerca,42000,3,18,232.0,Bajo
364,Media,Masculino,Propia,Casado,Cerca,95800,3,12,678.0,Bajo
365,Joven,Masculino,Alquilada,Soltero,Cerca,15800,2,12,147.0,Bajo
366,Adulta,Femenino,Alquilada,Casado,Cerca,38200,0,6,526.0,Medio
367,Media,Femenino,Alquilada,Soltero,Cerca,39900,1,12,586.0,Bajo
368,Adulta,Femenino,Propia,Casado,Cerca,65900,0,24,1436.0,Alto
369,Media,Femenino,Propia,Casado,Cerca,97500,1,12,1280.0,Alto
370,Media,Masculino,Alquilada,Casado,Lejos,63000,0,18,2107.0,Alto
371,Adulta,Femenino,Propia,Casado,Lejos,12600,2,12,164.0,Bajo
372,Media,Masculino,Alquilada,Soltero,Cerca,50700,3,6,157.0,Bajo
373,Joven,Femenino,Alquilada,Soltero,Cerca,17900,3,6,62.0,Bajo
374,Joven,Femenino,Alquilada,Soltero,Cerca,14400,1,18,223.0,Bajo
375,Adulta,Femenino,Propia,Soltero,Cerca,23800,0,6,438.0,Bajo
376,Media,Femenino,Alquilada,Soltero,Cerca,36900,1,6,371.0,Bajo
377,Adulta,Femenino,Propia,Soltero,Cerca,20600,0,6,201.0,Bajo
378,Media,Masculino,Propia,Casado,Cerca,83100,2,6,586.0,Medio
379,Media,Masculino,Propia,Casado,Lejos,88700,2,24,2693.0,Alto
380,Adulta,Femenino,Propia,Casado,Cerca,54700,0,24,1404.0,Medio
381,Joven,Femenino,Alquilada,Soltero,Cerca,22200,2,18,275.0,Bajo
382,Media,Femenino,Propia,Casado,Cerca,70900,1,12,794.0,Medio
383,Media,Masculino,Propia,Soltero,Cerca,55900,0,12,964.0,Medio
384,Media,Masculino,Propia,Casado,Lejos,100600,3,24,2838.0,Alto
385,Joven,Femenino,Alquilada,Casado,Cerca,71200,3,12,392.0,Bajo
386,Joven,Femenino,Alquilada,Casado,Lejos,53700,0,24,2491.0,Alto
387,Adulta,Femenino,Propia,Casado,Cerca,89000,0,12,1487.0,Alto
388,Joven,Femenino,Alquilada,Soltero,Lejos,18200,2,12,322.0,Bajo
389,Joven,Femenino,Alquilada,Casado,Cerca,73600,1,6,647.0,Medio
390,Adulta,Femenino,Alquilada,Soltero,Lejos,13900,0,6,191.0,Bajo
391,Joven,Masculino,Alquilada,Casado,Cerca,64300,3,6,239.0,Bajo
392,Media,Masculino,Propia,Casado,Cerca,77100,2,6,568.0,Medio
393,Adulta,Masculino,Alquilada,Casado,Cerca,81800,0,6,919.0,Alto
394,Adulta,Femenino,Alquilada,Casado,Cerca,41700,0,18,1398.0,Medio
395,Adulta,Femenino,Propia,Casado,Cerca,51000,0,12,1025.0,Medio
396,Media,Masculino,Alquilada,Soltero,Cerca,55900,1,12,909.0,Medio
397,Joven,Masculino,Alquilada,Soltero,Cerca,19800,2,12,209.0,Bajo
398,Media,Masculino,Alquilada,Casado,Lejos,84100,1,24,2362.0,Alto
399,Media,Masculino,Propia,Casado,Cerca,85600,0,24,3380.0,Alto
400,Joven,Masculino,Alquilada,Soltero,Cerca,13400,0,18,424.0,Bajo
401,Joven,Femenino,Alquilada,Casado,Lejos,47200,1,12,1272.0,Medio
402,Media,Masculino,Propia,Casado,Cerca,96300,1,24,1909.0,Alto
403,Media,Masculino,Propia,Casado,Cerca,60500,3,12,340.0,Bajo
404,Media,Masculino,Alquilada,Casado,Cerca,106100,3,12,472.0,Bajo
405,Joven,Masculino,Alquilada,Soltero,Cerca,18000,0,12,303.0,Bajo
406,Adulta,Femenino,Propia,Soltero,Cerca,58200,0,18,981.0,Medio
407,Joven,Femenino,Alquilada,Soltero,Lejos,13500,2,12,160.0,Bajo
408,Joven,Femenino,Alquilada,Soltero,Lejos,18400,1,12,662.0,Bajo
409,Media,Masculino,Alquilada,Casado,Cerca,62800,3,6,177.0,Bajo
410,Media,Masculino,Alquilada,Soltero,Cerca,70000,0,6,785.0,Alto
411,Media,Femenino,Alquilada,Casado,Cerca,97400,3,6,213.0,Bajo
412,Adulta,Femenino,Propia,Casado,Lejos,37500,0,18,1578.0,Medio
413,Adulta,Femenino,Propia,Soltero,Cerca,22800,0,6,258.0,Bajo
414,Joven,Masculino,Alquilada,Soltero,Cerca,18700,0,12,289.0,Bajo
415,Media,Masculino,Propia,Casado,Cerca,107400,1,24,1821.0,Alto
416,Joven,Femenino,Alquilada,Soltero,Lejos,28900,0,24,905.0,Medio
417,Media,Masculino,Alquilada,Casado,Cerca,38400,2,6,188.0,Bajo
418,Joven,Femenino,Alquilada,Soltero,Cerca,13300,1,6,184.0,Bajo
419,Joven,Masculino,Alquilada,Soltero,Cerca,23200,1,24,504.0,Bajo
420,Media,Masculino,Propia,Casado,Cerca,64800,2,12,574.0,Medio
421,Media,Masculino,Alquilada,Soltero,Cerca,55600,0,6,984.0,Medio
422,Media,Masculino,Propia,Casado,Lejos,89500,0,24,5209.0,Alto
423,Media,Masculino,Propia,Casado,Cerca,87000,0,24,1594.0,Alto
424,Media,Masculino,Propia,Soltero,Cerca,55500,3,18,427.0,Bajo
425,Media,Femenino,Alquilada,Soltero,Cerca,58600,1,6,624.0,Medio
426,Adulta,Femenino,Propia,Casado,Lejos,81400,0,24,3001.0,Alto
427,Adulta,Femenino,Propia,Casado,Cerca,90500,0,6,863.0,Alto
428,Media,Masculino,Propia,Soltero,Cerca,74400,0,12,1152.0,Alto
429,Media,Femenino,Propia,Soltero,Cerca,43900,2,6,358.0,Bajo
430,Joven,Femenino,Propia,Soltero,Cerca,20300,1,12,304.0,Bajo
431,Media,Masculino,Propia,Casado,Cerca,97600,2,12,1162.0,Medio
432,Adulta,Femenino,Alquilada,Soltero,Lejos,15100,0,6,348.0,Bajo
433,Joven,Femenino,Alquilada,Soltero,Cerca,10600,2,12,114.0,Bajo
434,Joven,Femenino,Propia,Soltero,Cerca,27200,2,18,446.0,Bajo
435,Media,Masculino,Propia,Casado,Cerca,100000,1,24,2247.0,Alto
436,Media,Femenino,Alquilada,Casado,Lejos,43300,3,24,716.0,Medio
437,Media,Femenino,Propia,Casado,Cerca,49700,2,18,613.0,Bajo
438,Media,Femenino,Alquilada,Casado,Cerca,82300,2,12,580.0,Medio
439,Media,Masculino,Alquilada,Soltero,Cerca,41200,0,12,841.0,Medio
440,Joven,Masculino,Alquilada,Soltero,Cerca,29200,0,18,737.0,Bajo
441,Media,Femenino,Propia,Casado,Cerca,85500,2,18,895.0,Medio
442,Joven,Femenino,Alquilada,Soltero,Lejos,12400,3,18,205.0,Bajo
443,Media,Femenino,Alquilada,Soltero,Cerca,40400,1,24,630.0,Bajo
444,Joven,Masculino,Alquilada,Soltero,Lejos,10900,0,24,407.0,Bajo
445,Joven,Femenino,Alquilada,Soltero,Cerca,13200,1,12,227.0,Bajo
446,Media,Masculino,Alquilada,Soltero,Cerca,57800,0,24,1149.0,Medio
447,Adulta,Femenino,Propia,Casado,Cerca,52200,1,12,669.0,Medio
448,Adulta,Femenino,Propia,Casado,Lejos,40100,0,12,1384.0,Medio
449,Adulta,Masculino,Alquilada,Casado,Cerca,34500,0,12,802.0,Medio
450,Media,Masculino,Alquilada,Soltero,Cerca,44500,0,24,1175.0,Medio
451,Joven,Masculino,Alquilada,Casado,Cerca,39700,0,18,1011.0,Medio
452,Adulta,Femenino,Propia,Soltero,Cerca,30300,0,18,1062.0,Bajo
453,Joven,Femenino,Alquilada,Soltero,Cerca,20100,1,12,271.0,Bajo
454,Adulta,Masculino,Propia,Casado,Lejos,86500,0,24,2690.0,Alto
455,Adulta,Femenino,Alquilada,Soltero,Cerca,42500,0,24,918.0,Medio
456,Media,Masculino,Propia,Casado,Cerca,102300,0,24,2438.0,Alto
457,Media,Femenino,Propia,Soltero,Lejos,52600,2,12,1307.0,Medio
458,Joven,Femenino,Alquilada,Soltero,Cerca,20300,2,12,180.0,Bajo
459,Joven,Masculino,Alquilada,Casado,Cerca,54500,1,18,1001.0,Medio
460,Media,Masculino,Alquilada,Soltero,Cerca,54700,0,24,1355.0,Medio
461,Media,Masculino,Alquilada,Soltero,Lejos,53800,0,12,1803.0,Alto
462,Media,Masculino,Alquilada,Soltero,Lejos,52200,0,24,1909.0,Alto
463,Joven,Masculino,Alquilada,Casado,Cerca,37200,1,6,247.0,Bajo
464,Joven,Masculino,Alquilada,Casado,Cerca,55500,3,12,216.0,Bajo
465,Joven,Femenino,Alquilada,Soltero,Cerca,17600,2,18,163.0,Bajo
466,Adulta,Femenino,Propia,Soltero,Lejos,28300,0,24,933.0,Medio
467,Adulta,Masculino,Propia,Soltero,Cerca,41900,0,6,654.0,Medio
468,Media,Masculino,Alquilada,Soltero,Lejos,38700,1,18,1009.0,Medio
469,Media,Femenino,Alquilada,Soltero,Lejos,44100,1,18,1659.0,Medio
470,Media,Masculino,Propia,Casado,Lejos,79200,1,6,1905.0,Alto
471,Adulta,Femenino,Propia,Casado,Lejos,70400,0,18,2610.0,Alto
472,Media,Masculino,Propia,Casado,Cerca,107300,2,24,1194.0,Medio
473,Joven,Femenino,Propia,Soltero,Lejos,41000,1,12,768.0,Medio
474,Media,Femenino,Alquilada,Soltero,Cerca,26200,1,12,381.0,Bajo
475,Media,Masculino,Alquilada,Casado,Lejos,72200,3,18,1811.0,Medio
476,Media,Masculino,Alquilada,Soltero,Lejos,36700,1,24,1218.0,Medio
477,Adulta,Masculino,Alquilada,Soltero,Cerca,34500,0,24,639.0,Medio
478,Adulta,Femenino,Propia,Casado,Cerca,83700,0,18,1582.0,Alto
479,Joven,Femenino,Alquilada,Casado,Cerca,42000,3,6,105.0,Bajo
480,Media,Masculino,Alquilada,Casado,Cerca,118800,0,12,2631.0,Alto
481,Joven,Femenino,Propia,Soltero,Lejos,21900,2,24,486.0,Bajo
482,Media,Masculino,Alquilada,Soltero,Cerca,45900,0,12,716.0,Medio
483,Joven,Femenino,Alquilada,Casado,Cerca,37100,2,24,653.0,Bajo
484,Media,Femenino,Alquilada,Soltero,Cerca,28200,1,6,224.0,Bajo
485,Media,Masculino,Alquilada,Casado,Cerca,74600,2,18,705.0,Medio
486,Joven,Femenino,Alquilada,Soltero,Cerca,14200,2,18,197.0,Bajo
487,Joven,Masculino,Alquilada,Soltero,Lejos,19400,0,6,563.0,Bajo
488,Media,Masculino,Propia,Casado,Lejos,79700,1,24,3384.0,Alto
489,Media,Masculino,Propia,Soltero,Cerca,45900,2,12,416.0,Bajo
490,Adulta,Femenino,Propia,Casado,Cerca,42800,0,6,685.0,Medio
491,Adulta,Masculino,Propia,Casado,Lejos,65500,0,24,1931.0,Alto
492,Adulta,Femenino,Alquilada,Soltero,Cerca,33600,0,12,573.0,Medio
493,Media,Femenino,Propia,Soltero,Lejos,55600,1,18,1553.0,Alto
494,Joven,Masculino,Alquilada,Soltero,Lejos,25700,0,18,907.0,Medio
495,Adulta,Femenino,Propia,Casado,Cerca,21500,0,18,445.0,Bajo
496,Adulta,Femenino,Alquilada,Casado,Cerca,68600,0,18,1342.0,Alto
497,Joven,Femenino,Alquilada,Soltero,Lejos,23100,2,12,457.0,Bajo
498,Media,Femenino,Alquilada,Casado,Cerca,53300,0,24,1598.0,Medio
499,Adulta,Femenino,Propia,Casado,Cerca,112800,0,12,1861.0,Alto
500,Adulta,Masculino,Propia,Casado,Cerca,124900,0,18,4109.0,Alto
501,Media,Masculino,Alquilada,Soltero,Cerca,35100,1,6,421.0,Bajo
502,Media,Masculino,Alquilada,Soltero,Cerca,72000,0,12,1475.0,Alto
503,Media,Masculino,Propia,Casado,Cerca,82400,0,18,1779.0,Alto
504,Joven,Masculino,Propia,Casado,Cerca,62200,0,24,1348.0,Alto
505,Joven,Masculino,Alquilada,Soltero,Cerca,14100,0,12,328.0,Bajo
506,Media,Femenino,Propia,Casado,Cerca,86400,1,12,1713.0,Alto
507,Adulta,Femenino,Alquilada,Casado,Cerca,39500,0,12,1006.0,Medio
508,Adulta,Femenino,Propia,Casado,Cerca,110700,0,12,2458.0,Alto
509,Joven,Masculino,Alquilada,Soltero,Lejos,17700,0,18,742.0,Bajo
510,Media,Femenino,Propia,Soltero,Cerca,53800,0,12,843.0,Medio
511,Adulta,Masculino,Alquilada,Soltero,Cerca,44400,0,18,886.0,Medio
512,Media,Femenino,Alquilada,Casado,Cerca,135700,1,24,2746.0,Alto
513,Joven,Femenino,Alquilada,Soltero,Lejos,20700,1,12,550.0,Bajo
514,Media,Masculino,Alquilada,Casado,Lejos,83500,2,24,2098.0,Alto
515,Media,Femenino,Alquilada,Casado,Cerca,84200,2,24,954.0,Medio
516,Media,Femenino,Alquilada,Casado,Cerca,79900,1,12,1041.0,Medio
517,Adulta,Femenino,Alquilada,Soltero,Lejos,19700,0,6,535.0,Bajo
518,Adulta,Masculino,Propia,Casado,Lejos,52000,0,18,2545.0,Alto
519,Adulta,Femenino,Propia,Casado,Cerca,25900,0,18,582.0,Bajo
520,Media,Masculino,Alquilada,Casado,Cerca,65800,2,18,578.0,Medio
521,Adulta,Femenino,Alquilada,Casado,Cerca,65900,0,12,777.0,Alto
522,Media,Masculino,Alquilada,Soltero,Cerca,45200,1,18,699.0,Medio
523,Media,Masculino,Propia,Casado,Cerca,98500,0,18,2034.0,Alto
524,Adulta,Femenino,Propia,Casado,Cerca,96200,0,12,1457.0,Alto
525,Media,Masculino,Propia,Soltero,Lejos,49700,0,24,2844.0,Alto
526,Media,Femenino,Alquilada,Soltero,Cerca,43000,3,24,225.0,Bajo
527,Joven,Femenino,Alquilada,Soltero,Cerca,15500,1,6,210.0,Bajo
528,Joven,Masculino,Alquilada,Soltero,Cerca,13000,3,6,43.0,Bajo
529,Media,Femenino,Alquilada,Soltero,Cerca,27200,3,24,243.0,Bajo
530,Adulta,Femenino,Propia,Casado,Cerca,26700,0,24,1120.0,Bajo
531,Adulta,Masculino,Propia,Soltero,Lejos,61000,0,6,975.0,Alto
532,Media,Masculino,Propia,Casado,Cerca,117500,2,12,927.0,Medio
533,Adulta,Masculino,Propia,Casado,Cerca,90600,0,24,3167.0,Alto
534,Joven,Femenino,Alquilada,Soltero,Lejos,12600,0,6,241.0,Bajo
535,Adulta,Femenino,Propia,Soltero,Cerca,12700,2,6,65.0,Bajo
536,Media,Femenino,Propia,Casado,Lejos,77600,3,12,858.0,Medio
537,Adulta,Femenino,Alquilada,Casado,Cerca,71800,0,24,1946.0,Alto
538,Joven,Femenino,Propia,Soltero,Cerca,32600,3,12,172.0,Bajo
539,Media,Masculino,Propia,Casado,Cerca,74500,2,12,824.0,Medio
540,Adulta,Femenino,Alquilada,Soltero,Cerca,29200,0,12,556.0,Bajo
541,Joven,Femenino,Alquilada,Soltero,Lejos,12900,1,6,167.0,Bajo
542,Media,Masculino,Alquilada,Casado,Cerca,117700,1,12,2104.0,Alto
543,Media,Femenino,Propia,Casado,Cerca,64100,1,18,1332.0,Medio
544,Media,Masculino,Propia,Casado,Lejos,130600,0,18,3442.0,Alto
545,Media,Masculino,Propia,Casado,Lejos,74400,0,6,1893.0,Alto
546,Adulta,Femenino,Propia,Soltero,Lejos,40600,2,6,690.0,Medio
547,Joven,Femenino,Alquilada,Casado,Cerca,54200,1,6,486.0,Medio
548,Media,Masculino,Propia,Soltero,Lejos,65400,1,12,2290.0,Alto
549,Media,Femenino,Alquilada,Casado,Cerca,93700,1,24,1521.0,Alto
550,Media,Masculino,Alquilada,Soltero,Lejos,49000,0,18,1523.0,Alto
551,Media,Femenino,Propia,Casado,Cerca,96500,1,18,1364.0,Alto
552,Media,Masculino,Propia,Casado,Cerca,99600,1,6,871.0,Alto
553,Media,Femenino,Propia,Casado,Cerca,79900,3,12,295.0,Bajo
554,Adulta,Femenino,Alquilada,Casado,Cerca,50500,0,12,642.0,Medio
555,Adulta,Femenino,Propia,Soltero,Lejos,16300,0,6,317.0,Bajo
556,Adulta,Femenino,Propia,Casado,Cerca,49200,0,12,1078.0,Medio
557,Media,Masculino,Propia,Soltero,Lejos,48100,2,18,961.0,Medio
558,Media,Masculino,Propia,Soltero,Lejos,61300,2,24,1241.0,Alto
559,Media,Masculino,Alquilada,Soltero,Lejos,51100,0,24,1984.0,Alto
560,Media,Masculino,Propia,Soltero,Cerca,76800,1,18,1061.0,Medio
561,Media,Masculino,Propia,Soltero,Lejos,60200,0,12,1955.0,Alto
562,Media,Masculino,Alquilada,Soltero,Cerca,59100,2,18,580.0,Bajo
563,Adulta,Femenino,Propia,Soltero,Cerca,32500,0,24,883.0,Medio
564,Media,Femenino,Alquilada,Soltero,Lejos,49500,2,12,1195.0,Medio
565,Media,Masculino,Propia,Casado,Cerca,109600,1,12,2318.0,Alto
566,Media,Masculino,Alquilada,Casado,Cerca,93000,1,24,2644.0,Alto
567,Joven,Femenino,Propia,Soltero,Cerca,44700,1,6,502.0,Medio
568,Adulta,Femenino,Propia,Casado,Cerca,69400,0,18,2419.0,Alto
569,Media,Masculino,Propia,Casado,Cerca,64300,2,6,661.0,Medio
570,Media,Masculino,Propia,Soltero,Lejos,75400,0,24,2723.0,Alto
571,Media,Masculino,Propia,Casado,Cerca,96100,0,6,1588.0,Alto
572,Adulta,Femenino,Propia,Casado,Cerca,118000,3,12,581.0,Bajo
573,Joven,Masculino,Alquilada,Casado,Cerca,69700,1,12,1432.0,Medio
574,Adulta,Masculino,Propia,Soltero,Cerca,59300,0,12,929.0,Medio
575,Media,Femenino,Alquilada,Casado,Cerca,88600,3,6,212.0,Bajo
576,Media,Masculino,Propia,Casado,Cerca,102600,0,18,2546.0,Alto
577,Media,Masculino,Propia,Casado,Cerca,54200,1,6,757.0,Medio
578,Adulta,Masculino,Propia,Casado,Cerca,116100,1,24,2975.0,Alto
579,Media,Femenino,Propia,Soltero,Cerca,46600,3,6,158.0,Bajo
580,Joven,Masculino,Alquilada,Soltero,Cerca,18200,0,12,401.0,Bajo
581,Media,Femenino,Propia,Casado,Cerca,82700,1,18,1753.0,Alto
582,Joven,Femenino,Alquilada,Soltero,Cerca,17000,0,18,659.0,Bajo
583,Media,Masculino,Propia,Casado,Cerca,83000,2,6,726.0,Medio
584,Joven,Femenino,Alquilada,Soltero,Lejos,17300,0,6,411.0,Bajo
585,Media,Femenino,Propia,Casado,Cerca,109800,1,24,2258.0,Alto
586,Media,Femenino,Propia,Soltero,Lejos,64400,3,24,1913.0,Medio
587,Joven,Femenino,Alquilada,Soltero,Lejos,27600,1,24,893.0,Medio
588,Media,Masculino,Propia,Soltero,Cerca,67900,0,18,1418.0,Alto
589,Media,Masculino,Alquilada,Casado,Cerca,88500,2,24,1104.0,Medio
590,Adulta,Femenino,Propia,Casado,Cerca,62800,0,18,1403.0,Alto
591,Adulta,Masculino,Propia,Casado,Lejos,76900,2,24,3230.0,Alto
592,Adulta,Femenino,Propia,Casado,Cerca,77600,0,18,2004.0,Alto
593,Joven,Femenino,Alquilada,Soltero,Cerca,19100,1,18,403.0,Bajo
594,Adulta,Femenino,Propia,Casado,Lejos,128700,0,24,3995.0,Alto
595,Joven,Femenino,Alquilada,Soltero,Lejos,14400,1,6,390.0,Bajo
596,Adulta,Masculino,Alquilada,Casado,Cerca,49600,0,6,770.0,Medio
597,Joven,Femenino,Alquilada,Casado,Cerca,36600,0,6,833.0,Medio
598,Media,Femenino,Propia,Soltero,Cerca,65800,1,12,869.0,Medio
599,Media,Masculino,Alquilada,Casado,Lejos,52800,2,12,926.0,Medio
600,Media,Masculino,Propia,Casado,Cerca,96500,0,24,3780.0,Alto
601,Media,Femenino,Alquilada,Casado,Cerca,63500,1,18,1023.0,Medio
602,Media,Masculino,Alquilada,Soltero,Cerca,60400,1,6,791.0,Medio
603,Media,Masculino,Alquilada,Soltero,Cerca,54400,0,6,1150.0,Medio
604,Media,Masculino,Alquilada,Casado,Cerca,105600,3,6,304.0,Bajo
605,Adulta,Femenino,Propia,Casado,Lejos,57900,0,12,1693.0,Alto
606,Joven,Masculino,Propia,Soltero,Cerca,31500,3,18,269.0,Bajo
607,Media,Femenino,Alquilada,Casado,Lejos,60100,1,18,1430.0,Alto
608,Media,Masculino,Propia,Casado,Cerca,117900,0,6,1760.0,Alto
609,Media,Masculino,Propia,Soltero,Cerca,48800,1,24,1271.0,Medio
610,Media,Femenino,Propia,Casado,Cerca,67900,3,12,356.0,Bajo
611,Media,Masculino,Alquilada,Casado,Cerca,88000,2,6,524.0,Medio
612,Media,Masculino,Alquilada,Casado,Cerca,94200,1,18,1211.0,Alto
613,Joven,Masculino,Alquilada,Soltero,Lejos,15300,0,24,645.0,Bajo
614,Joven,Masculino,Alquilada,Soltero,Lejos,17500,0,18,472.0,Bajo
615,Adulta,Masculino,Propia,Casado,Cerca,168800,0,6,1512.0,Alto
616,Media,Masculino,Alquilada,Soltero,Lejos,40200,0,18,1634.0,Alto
617,Joven,Masculino,Alquilada,Soltero,Cerca,28400,3,18,182.0,Bajo
618,Media,Masculino,Alquilada,Casado,Lejos,72200,3,18,1042.0,Medio
619,Media,Femenino,Propia,Soltero,Lejos,55200,0,18,1714.0,Alto
620,Media,Femenino,Alquilada,Soltero,Cerca,44600,0,18,966.0,Medio
621,Media,Masculino,Propia,Soltero,Cerca,58400,0,12,829.0,Medio
622,Media,Femenino,Propia,Soltero,Cerca,67800,1,6,680.0,Medio
623,Adulta,Femenino,Propia,Soltero,Cerca,25500,0,18,636.0,Bajo
624,Joven,Femenino,Alquilada,Soltero,Lejos,20000,3,6,182.0,Bajo
625,Adulta,Masculino,Propia,Casado,Cerca,23400,0,6,348.0,Bajo
626,Media,Femenino,Propia,Casado,Cerca,102500,3,12,548.0,Bajo
627,Media,Femenino,Propia,Casado,Lejos,52300,1,18,2034.0,Alto
628,Media,Masculino,Alquilada,Soltero,Lejos,65400,0,12,2296.0,Alto
629,Joven,Masculino,Alquilada,Soltero,Cerca,19600,0,12,395.0,Bajo
630,Adulta,Masculino,Propia,Casado,Lejos,37000,0,12,850.0,Medio
631,Media,Masculino,Alquilada,Soltero,Cerca,63800,1,24,1622.0,Medio
632,Adulta,Femenino,Propia,Soltero,Cerca,37300,0,6,673.0,Medio
633,Media,Masculino,Propia,Soltero,Cerca,63200,0,24,1932.0,Alto
634,Adulta,Masculino,Propia,Casado,Cerca,77300,0,18,1853.0,Alto
635,Media,Femenino,Alquilada,Soltero,Lejos,44800,1,6,666.0,Medio
636,Adulta,Femenino,Alquilada,Casado,Cerca,70900,0,24,1685.0,Alto
637,Media,Femenino,Alquilada,Soltero,Lejos,38200,0,24,1476.0,Medio
638,Joven,Femenino,Alquilada,Soltero,Lejos,18400,1,6,319.0,Bajo
639,Media,Femenino,Alquilada,Soltero,Cerca,40700,3,18,232.0,Bajo
640,Adulta,Masculino,Propia,Soltero,Cerca,71300,0,18,1543.0,Alto
641,Media,Femenino,Alquilada,Soltero,Cerca,36400,2,18,506.0,Bajo
642,Joven,Masculino,Alquilada,Soltero,Cerca,15400,0,6,172.0,Bajo
643,Media,Masculino,Propia,Soltero,Lejos,39100,1,12,1001.0,Medio
644,Media,Masculino,Alquilada,Soltero,Cerca,43800,0,12,606.0,Medio
645,Joven,Masculino,Alquilada,Soltero,Lejos,25300,0,12,591.0,Medio
646,Adulta,Masculino,Alquilada,Casado,Cerca,71800,0,12,1389.0,Alto
647,Media,Masculino,Propia,Soltero,Cerca,73200,0,24,2177.0,Alto
648,Media,Masculino,Propia,Casado,Lejos,79000,1,18,2279.0,Alto
649,Adulta,Femenino,Propia,Casado,Cerca,43600,0,12,1047.0,Medio
650,Media,Masculino,Propia,Casado,Cerca,83600,2,6,538.0,Medio
651,Media,Femenino,Propia,Soltero,Lejos,56200,0,18,1546.0,Alto
652,Joven,Masculino,Alquilada,Casado,Cerca,45500,0,6,754.0,Medio
653,Media,Masculino,Propia,Casado,Cerca,99300,1,12,1504.0,Alto
654,Media,Masculino,Propia,Casado,Lejos,108000,3,24,1849.0,Alto
655,Media,Femenino,Propia,Casado,Lejos,84900,1,24,3072.0,Alto
656,Media,Masculino,Propia,Casado,Lejos,93000,3,6,1046.0,Alto
657,Media,Femenino,Propia,Casado,Cerca,82000,0,18,1800.0,Alto
658,Media,Femenino,Propia,Soltero,Cerca,36900,2,24,514.0,Bajo
659,Adulta,Masculino,Alquilada,Casado,Lejos,66200,0,24,2057.0,Alto
660,Media,Masculino,Propia,Casado,Lejos,96800,2,18,2299.0,Alto
661,Adulta,Masculino,Propia,Soltero,Cerca,63200,0,24,1507.0,Alto
662,Adulta,Masculino,Propia,Casado,Lejos,112900,0,24,6217.0,Alto
663,Media,Femenino,Alquilada,Soltero,Cerca,32100,2,24,405.0,Bajo
664,Media,Masculino,Propia,Casado,Lejos,102700,1,18,3785.0,Alto
665,Adulta,Femenino,Alquilada,Soltero,Lejos,11700,0,18,540.0,Bajo
666,Media,Femenino,Propia,Casado,Lejos,99200,0,24,5503.0,Alto
667,Adulta,Masculino,Propia,Soltero,Cerca,44800,0,24,1417.0,Medio
668,Media,Masculino,Propia,Casado,Cerca,79000,2,18,671.0,Medio
669,Joven,Masculino,Alquilada,Casado,Cerca,53600,1,24,973.0,Medio
670,Media,Femenino,Propia,Soltero,Cerca,68400,0,12,1492.0,Alto
671,Media,Femenino,Propia,Casado,Lejos,90400,1,18,1977.0,Alto
672,Media,Masculino,Alquilada,Casado,Lejos,87100,2,18,1904.0,Alto
673,Media,Femenino,Propia,Soltero,Cerca,53700,3,12,1168.0,Bajo
674,Media,Masculino,Propia,Casado,Lejos,103700,1,24,2270.0,Alto
675,Media,Masculino,Propia,Soltero,Cerca,64200,0,18,1399.0,Alto
676,Adulta,Femenino,Alquilada,Casado,Cerca,46900,0,6,1018.0,Medio
677,Joven,Femenino,Alquilada,Soltero,Lejos,10200,2,18,209.0,Bajo
678,Joven,Femenino,Alquilada,Soltero,Lejos,17300,1,18,365.0,Bajo
679,Adulta,Masculino,Propia,Casado,Cerca,71200,1,12,1554.0,Medio
680,Joven,Femenino,Alquilada,Casado,Cerca,63200,0,24,1377.0,Alto
681,Joven,Femenino,Alquilada,Soltero,Cerca,12700,3,12,264.0,Bajo
682,Media,Masculino,Propia,Casado,Cerca,109900,2,12,2407.0,Medio
683,Media,Femenino,Propia,Casado,Lejos,80600,0,24,1761.0,Alto
684,Joven,Femenino,Alquilada,Casado,Cerca,40900,2,18,886.0,Bajo
685,Media,Masculino,Propia,Casado,Cerca,96300,1,12,2107.0,Alto
686,Adulta,Femenino,Alquilada,Soltero,Lejos,17900,0,6,379.0,Bajo
687,Joven,Masculino,Alquilada,Casado,Cerca,36500,0,24,789.0,Medio
688,Media,Masculino,Propia,Soltero,Cerca,61500,2,24,1340.0,Medio
689,Media,Masculino,Propia,Casado,Cerca,98400,0,12,2153.0,Alto
690,Media,Masculino,Propia,Soltero,Cerca,66600,0,18,1452.0,Alto
691,Media,Femenino,Alquilada,Soltero,Lejos,45600,0,12,989.0,Alto
692,Media,Femenino,Propia,Casado,Cerca,108100,1,12,2367.0,Alto
693,Media,Masculino,Propia,Casado,Cerca,107300,2,18,2350.0,Medio
694,Media,Femenino,Alquilada,Casado,Cerca,79500,0,12,1737.0,Alto
695,Media,Masculino,Propia,Casado,Cerca,42700,0,6,925.0,Medio
696,Media,Femenino,Alquilada,Soltero,Cerca,46500,1,24,1009.0,Medio
